{
    "shape": {
        "type": "curve",
        "count": 1,
        "data": [
            {
                "type": "spline",
                "rational": false,
                "dimension": 3,
                "degree": 2,
                "knotvector": [
                    0.0,
                    0.0,
                    0.0,
                    0.03004685469506855,
                    0.05313306081870957,
                    0.07563104231623805,
                    0.09727750960586967,
                    0.11904553000440724,
                    0.14052852978171024,
                    0.16315670785618488,
                    0.18676468256360523,
                    0.2076433798912526,
                    0.2279540069972838,
                    0.2468335631463492,
                    0.26088655580663234,
                    0.27923072166677304,
                    0.3021074198430591,
                    0.3248209273680319,
                    0.34659293489461196,
                    0.36490574825087163,
                    0.38188591204032074,
                    0.40133923522347936,
                    0.4176320286421402,
                    0.43440978135140274,
                    0.44919288847725297,
                    0.46299891303368157,
                    0.48325014602687255,
                    0.4976418809108609,
                    0.513908854787429,
                    0.5360308976376225,
                    0.554507724446397,
                    0.5729090042020166,
                    0.5946172230338136,
                    0.6104340608887928,
                    0.6259832810027914,
                    0.6453810390191371,
                    0.6613586310290548,
                    0.6792947558988831,
                    0.6953384489180356,
                    0.7095898752327587,
                    0.7257503915514043,
                    0.7421379980754191,
                    0.7608846452949862,
                    0.7814324691511454,
                    0.7996936535718749,
                    0.81503812874828,
                    0.8338699616994191,
                    0.8568715012796727,
                    0.8793040807752498,
                    0.8949706532525059,
                    0.9088601820549858,
                    0.928165981736335,
                    0.9500102143392122,
                    0.9690840321257644,
                    1.0,
                    1.0,
                    1.0
                ],
                "control_points": {
                    "points": [
                        [
                            -3.8382076,
                            0.14975832,
                            0.335498495
                        ],
                        [
                            -3.7432201249692345,
                            0.1855638483252711,
                            0.3187867846670989
                        ],
                        [
                            -3.5776511617802425,
                            0.1296587112861133,
                            0.3082113910190205
                        ],
                        [
                            -3.4564413409753834,
                            0.048783657867241995,
                            0.2880812506232791
                        ],
                        [
                            -3.3502969050042033,
                            -0.04521794213050535,
                            0.27937164888956073
                        ],
                        [
                            -3.2449314502844158,
                            -0.1353964691163139,
                            0.2623233213097937
                        ],
                        [
                            -3.153383772900817,
                            -0.23881725224932254,
                            0.24438747013878073
                        ],
                        [
                            -3.047208632647628,
                            -0.3313880349298167,
                            0.22643742094079325
                        ],
                        [
                            -2.937214137293091,
                            -0.42857926626045506,
                            0.20629038160947136
                        ],
                        [
                            -2.8249437323763784,
                            -0.5184620166697672,
                            0.18274411678892294
                        ],
                        [
                            -2.6952532042329223,
                            -0.5438897282689453,
                            0.16617293501791486
                        ],
                        [
                            -2.5693340094151873,
                            -0.5698443547862778,
                            0.1403728386071414
                        ],
                        [
                            -2.4730407490300257,
                            -0.5159360961240808,
                            0.14677532535897422
                        ],
                        [
                            -2.408616341246744,
                            -0.43332859414902525,
                            0.14488651743490621
                        ],
                        [
                            -2.3015790565380803,
                            -0.3539811796516428,
                            0.1381527138919806
                        ],
                        [
                            -2.205451378643932,
                            -0.24329939912001197,
                            0.11969013003082941
                        ],
                        [
                            -2.1315025741358573,
                            -0.12079434683293469,
                            0.13867186680175322
                        ],
                        [
                            -2.04045334826481,
                            -0.03374431258732728,
                            0.1769353648653807
                        ],
                        [
                            -1.9832055067029697,
                            0.06456365985470267,
                            0.15837503587412158
                        ],
                        [
                            -1.920853873547695,
                            0.16200910845713343,
                            0.1438684135421886
                        ],
                        [
                            -1.87249922627418,
                            0.2690972263424512,
                            0.13648844647758335
                        ],
                        [
                            -1.7980796049898944,
                            0.34089981184572304,
                            0.16497567835125462
                        ],
                        [
                            -1.7154200511091389,
                            0.3995692426220137,
                            0.18526814497542976
                        ],
                        [
                            -1.646182886860334,
                            0.4582856177958951,
                            0.1666776511575289
                        ],
                        [
                            -1.589761814972887,
                            0.5546581056847303,
                            0.17128894327939034
                        ],
                        [
                            -1.4998710285856864,
                            0.6237083660950602,
                            0.16746549594833965
                        ],
                        [
                            -1.4420058055839051,
                            0.7003072493415583,
                            0.19770239592930997
                        ],
                        [
                            -1.3119403277781065,
                            0.7318097262232266,
