{
    "shape": {
        "type": "curve",
        "count": 1,
        "data": [
            {
                "type": "spline",
                "rational": false,
                "dimension": 3,
                "degree": 2,
                "knotvector": [
                    0.0,
                    0.0,
                    0.0,
                    0.024033756013958893,
                    0.04067032024188892,
                    0.057696141092887045,
                    0.07492811233373675,
                    0.0921571871261568,
                    0.10917100912977767,
                    0.12577611553325602,
                    0.1418238842224167,
                    0.15724447162164631,
                    0.17641842660663148,
                    0.19980444805217926,
                    0.2175058487268065,
                    0.22941041865577083,
                    0.2413599940760891,
                    0.25333090790148854,
                    0.2652944015382519,
                    0.28311382517496947,
                    0.30078984123808983,
                    0.3174176304174547,
                    0.3397778674519377,
                    0.3595241946983889,
                    0.37180680764496654,
                    0.3877348135389921,
                    0.4109588580971244,
                    0.4288462051718179,
                    0.4421225444514336,
                    0.4558237987553197,
                    0.4696218932349131,
                    0.48320863410522585,
                    0.49630765069781246,
                    0.5142110253006758,
                    0.5357536023770169,
                    0.5572126540930376,
                    0.5799428625297678,
                    0.601229160273136,
                    0.6208036075251782,
                    0.6405434237146914,
                    0.6612397515437781,
                    0.6824871879264436,
                    0.7037476634577624,
                    0.7244589161045573,
                    0.7440729773403651,
                    0.7621051976296257,
                    0.7782205005915328,
                    0.7924074858055816,
                    0.8052901780563033,
                    0.8183997758061365,
                    0.8338989899739302,
                    0.8486795658014454,
                    0.8608949564968051,
                    0.8731113902791173,
                    0.8855727384771037,
                    0.8984041356811079,
                    0.9116318542943113,
                    0.9252072011996414,
                    0.9390272352969009,
                    0.9529505781163359,
                    0.9668087127203209,
                    0.9804138220961505,
                    1.0,
                    1.0,
                    1.0
                ],
                "control_points": {
                    "points": [
                        [
                            -4.04847185,
                            1.76326805,
                            -3.6124270000000003
                        ],
                        [
                            -3.8767683481148563,
                            1.8111083708259732,
                            -3.7102537870473458
                        ],
                        [
                            -3.5547814540176055,
                            1.863802675936151,
                            -3.815594287501936
                        ],
                        [
                            -3.278723889760351,
                            1.8932771030613436,
                            -3.8727760021550908
                        ],
                        [
                            -2.9922865659578997,
                            1.909781806993129,
                            -3.90240437054564
                        ],
                        [
                            -2.7021979480442244,
                            1.9133402177536487,
                            -3.904650503428764
                        ],
                        [
                            -2.415146813434428,
                            1.903941785710763,
                            -3.879615421617012
                        ],
                        [
                            -2.137779433693746,
                            1.881584394813122,
                            -3.8274147198268587
                        ],
                        [
                            -1.8769497799822672,
                            1.84611555806981,
                            -3.7478517594918266
                        ],
                        [
                            -1.6381642385787292,
                            1.7980039110176764,
                            -3.642014510295807
                        ],
                        [
                            -1.4051189725610338,
                            1.7247406838765824,
                            -3.483219517665862
                        ],
                        [
                            -1.1213660953614766,
                            1.6330443941996104,
                            -3.284615684781413
                        ],
                        [
                            -0.8142183043254172,
                            1.566436517023581,
                            -3.1385200931926827
                        ],
                        [
                            -0.5840976927092976,
                            1.5273484141264344,
                            -3.0518814178824636
                        ],
                        [
                            -0.3943988336490346,
                            1.5006974799918362,
                            -2.9922164390053645
                        ],
                        [
                            -0.20081026370321933,
                            1.4786144048167555,
                            -2.9421180493739247
                        ],
                        [
                            -0.004460692466534612,
                            1.461028590055861,
                            -2.90145854158101
                        ],
                        [
                            0.24238953060141236,
                            1.4444856054093682,
                            -2.8620835620771317
                        ],
                        [
                            0.5396429460669872,
                            1.4351840174172945,
                            -2.8370753813404725
                        ],
                        [
                            0.8285578019800026,
                            1.4310089400814001,
                            -2.8230331507694135
                        ],
                        [
                            1.1509111340453857,
                            1.4747693200571452,
                            -2.9095200669403596
                        ],
                        [
                            1.4163316438861318,
                            1.5798406481061669,
                            -3.126390308562058
                        ],
                        [
                            1.5992494747484978,
                            1.6655372260625594,
                            -3.303877088275974
                        ],
                        [
                            1.7619171396149278,
                            1.7406463445685048,
                            -3.459392047620355
                        ],
                        [
                            2.0139100892576036,
                            1.8339123265095372,
                            -3.6515926970544177
                        ],
                        [
                            2.309493158336833,
                            1.9130529656351616,
                            -3.8132013575342563
                        ],
                        [
