{
    "shape": {
        "type": "curve",
        "count": 1,
        "data": [
            {
                "type": "spline",
                "rational": false,
                "dimension": 3,
                "degree": 2,
                "knotvector": [
                    0.0,
                    0.0,
                    0.0,
                    0.01777685627995608,
                    0.033818865680943985,
                    0.048104028121535976,
                    0.06454022528809991,
                    0.08198655078713502,
                    0.10014800315491462,
                    0.11975590829497076,
                    0.1386702455016388,
                    0.15657566811659868,
                    0.1690292242778818,
                    0.1826958595847688,
                    0.19826302279973224,
                    0.21283013204265855,
                    0.23144685248411173,
                    0.25046901233340796,
                    0.2700456870092188,
                    0.2881957499383326,
                    0.30600701556466764,
                    0.32520989199940287,
                    0.34613326298306635,
                    0.36531137117232004,
                    0.3814054039573702,
                    0.4002784127743551,
                    0.416033816757756,
                    0.4314349263940034,
                    0.44617922472856375,
                    0.4592139510483483,
                    0.4782564837663957,
                    0.49562975094163797,
                    0.5102581917650226,
                    0.5270700515589737,
                    0.5460474991502732,
                    0.5617248068974816,
                    0.5760398449293764,
                    0.5890454553433376,
                    0.6039516151122215,
                    0.620003567966309,
                    0.6356493923129571,
                    0.6551288584632864,
                    0.6757309710349588,
                    0.6975147190512221,
                    0.718617434895033,
                    0.7400659689304836,
                    0.759569265760327,
                    0.77664944506573,
                    0.7961347478420142,
                    0.8137528267618988,
                    0.8315049965957065,
                    0.8533816269282475,
                    0.8702121481737535,
                    0.8861722703821453,
                    0.8984306499171008,
                    0.9108765166711315,
                    0.9286122643688666,
                    0.9422600263319334,
                    0.9540404135253515,
                    0.9680295692794341,
                    0.9794338483524598,
                    1.0,
                    1.0,
                    1.0
                ],
                "control_points": {
                    "points": [
                        [
                            -0.0240809955,
                            -0.22281859,
                            0.148216235
                        ],
                        [
                            -0.02028416184563116,
                            -0.22856265800270237,
                            0.15838248228182658
                        ],
                        [
                            -0.01660303546773879,
                            -0.22579896366498584,
                            0.18126529223863674
                        ],
                        [
                            -0.010159026745359062,
                            -0.2331117024366456,
                            0.19941756795908744
                        ],
                        [
                            -0.00702205785270726,
                            -0.23151066049762767,
                            0.21988952212798182
                        ],
                        [
                            -0.0024774849822521844,
                            -0.23173106929727058,
                            0.24179401094720365
                        ],
                        [
                            0.00896918312586665,
                            -0.23010042183734886,
                            0.26450359458331213
                        ],
                        [
                            0.004356528826101771,
                            -0.20828314849050095,
                            0.2796862589177746
                        ],
                        [
                            0.011576908953866455,
                            -0.18889423756030263,
                            0.29744960778037866
                        ],
                        [
                            0.02288969215487649,
                            -0.16613889904951365,
                            0.2917930833181006
                        ],
                        [
                            0.02327266544789673,
                            -0.14571351258107626,
                            0.29281379551169806
                        ],
                        [
                            0.02270661903025305,
                            -0.12832896805552366,
                            0.2911264064508701
                        ],
                        [
                            0.03083097362581151,
                            -0.1100657356597497,
                            0.2898351581752507
                        ],
                        [
                            0.03206286677230709,
                            -0.0899661807399127,
                            0.29011307271347425
                        ],
                        [
                            0.03501040585485358,
                            -0.06807575796295237,
                            0.2896119137337801
                        ],
                        [
                            0.0370327055903286,
                            -0.04305729456301423,
                            0.28942572933764354
                        ],
                        [
                            0.04303517338798409,
                            -0.017999918966706687,
                            0.28826497755969843
                        ],
                        [
                            0.04452025689867581,
                            0.006947836558937166,
                            0.2848854912208304
                        ],
                        [
                            0.04883475914200193,
                            0.03063677094089676,
                            0.28564016013672866
                        ],
                        [
                            0.05697207920356905,
                            0.05350149872627856,
                            0.29108796307088086
                        ],
                        [
                            0.05784107749551706,
                            0.0804230089270035,
                            0.2927956398940673
                        ],
                        [
                            0.06423698366243992,
                            0.10564775162530905,
                            0.29937920945266006
                        ],
                        [
                            0.066705998673314,
                            0.1283175340555402,
                            0.305164612246981
                        ],
                        [
                            0.06829499782820125,
                            0.15096172999925503,
                            0.30984519537372396
                        ],
                        [
                            0.06862477303143154,
                            0.17402562900512344,
                            0.3161368720836661
                        ],
                        [
                            0.0743164929158682,
                            0.19336958450396521,
                            0.3095492576481413
                        ],
