{
    "shape": {
        "type": "curve",
        "count": 1,
        "data": [
            {
                "type": "spline",
                "rational": false,
                "dimension": 3,
                "degree": 3,
                "knotvector": [
                    0.0,
                    0.0,
                    0.0,
                    0.0,
                    0.025325688497898947,
                    0.04114081155705841,
                    0.0565012678366615,
                    0.07325260162785242,
                    0.09119725119224727,
                    0.1100630569657663,
                    0.12898638100191648,
                    0.14768150027355567,
                    0.16183525832385717,
                    0.177031909662309,
                    0.1896268281126129,
                    0.20623251483882682,
                    0.22212749004550816,
                    0.2410365078612773,
                    0.26027119335654836,
                    0.2788691061640912,
                    0.2972965288440548,
                    0.31564524282421386,
                    0.335921537540544,
                    0.35518147989598214,
                    0.37338521217918885,
                    0.39127824642350806,
                    0.4072001759028128,
                    0.4246312613812635,
                    0.43780071720561864,
                    0.4534180175749916,
                    0.46901508878721354,
                    0.48638503505037445,
                    0.5030445825983297,
                    0.5189274135787598,
                    0.5366564147374198,
                    0.5532384903337324,
                    0.5693029436510215,
                    0.5819037944624421,
                    0.5974541491275148,
                    0.6112129431537304,
                    0.6285234404405945,
                    0.6453311053877738,
                    0.665675042486361,
                    0.6865746565466171,
                    0.7080007601075253,
                    0.7294646551436337,
                    0.7493704579135954,
                    0.7681526619240984,
                    0.7867496438546158,
                    0.8042750359251463,
                    0.8233200115412667,
                    0.8424396219826351,
                    0.8609595591491699,
                    0.8788844711735943,
                    0.8909922411417388,
                    0.9059940501718462,
                    0.9192855704662196,
                    0.9352136344484012,
                    0.9480615017023664,
                    0.9614918377221129,
                    0.9728440497160507,
                    1.0,
                    1.0,
                    1.0,
                    1.0
                ],
                "control_points": {
                    "points": [
                        [
                            -0.0240809955,
                            -0.22281859,
                            0.148216235
                        ],
                        [
                            -0.02003468144182526,
                            -0.22975989876603645,
                            0.15750091741334538
                        ],
                        [
                            -0.018573934475283247,
                            -0.22275567463732443,
                            0.1772194267559386
                        ],
                        [
                            -0.009794187266803233,
                            -0.23415997483818154,
                            0.19919699770184146
                        ],
                        [
                            -0.006925349785950855,
                            -0.23105690664788595,
                            0.22088771943120997
                        ],
                        [
                            -0.002981918507909312,
                            -0.23167750253567612,
                            0.24209942058183323
                        ],
                        [
                            0.01057020170842383,
                            -0.23127280216623555,
                            0.2657755284057716
                        ],
                        [
                            0.003316706223243603,
                            -0.20742003148911406,
                            0.2789071720133399
                        ],
                        [
                            0.01114429189484864,
                            -0.18964289531662648,
                            0.2993616260645819
                        ],
                        [
                            0.022715906438635372,
                            -0.16801448812974393,
                            0.29119873678527264
                        ],
                        [
                            0.023794832912625408,
                            -0.14658081479223437,
                            0.2932804163657317
                        ],
                        [
                            0.021846757489510895,
                            -0.12782094365807725,
                            0.29087750956518504
                        ],
                        [
                            0.031692922501142334,
                            -0.1095543962587735,
                            0.28973466836715367
                        ],
                        [
                            0.03159611709225868,
                            -0.08928661516851191,
                            0.2902333642307135
                        ],
                        [
                            0.035462533141446276,
                            -0.06680611176800387,
                            0.28952846844787083
                        ],
                        [
                            0.036617801881542004,
                            -0.04274993518868881,
                            0.28945591475896143
                        ],
                        [
                            0.043413427526654204,
                            -0.018293902158253408,
                            0.288468249470748
                        ],
                        [
                            0.0442836367949203,
                            0.006511243499548807,
                            0.28469571190625104
                        ],
                        [
                            0.04856077667189221,
                            0.031001802203989813,
                            0.285320301457177
                        ],
                        [
                            0.057867240240330665,
                            0.0541605077531594,
                            0.29167138567133066
                        ],
                        [
                            0.05719354351463827,
                            0.08048591045657562,
                            0.29238018345758465
                        ],
                        [
                            0.06436364930989953,
                            0.10444401113592136,
                            0.29905995117155737
                        ],
                        [
                            0.06662653519800137,
                            0.1282415828686329,
                            0.30537696295641764
                        ],
                        [
                            0.06859042796938797,
                            0.15058426523809715,
                            0.309257274111914
                        ],
                        [
                            0.06745554683976554,
                            0.17369227636552997,
                            0.31785761908782156
                        ],
                        [
                            0.07535191483139157,
                            0.19247114262694132,
                            0.30855518668848203
