{
    "shape": {
        "type": "curve",
        "count": 1,
        "data": [
            {
                "type": "spline",
                "rational": false,
                "dimension": 3,
                "degree": 2,
                "knotvector": [
                    0.0,
                    0.0,
                    0.0,
                    0.030561028341058102,
                    0.04266011572899254,
                    0.0547028824550147,
                    0.06741559214607548,
                    0.08003990811820297,
                    0.09992608172034431,
                    0.11950057626396533,
                    0.13821424590667225,
                    0.15637603875934764,
                    0.17540399541416285,
                    0.18920418257252575,
                    0.20167451169740266,
                    0.219896166098533,
                    0.23131647609993075,
                    0.24434608255412937,
                    0.26414886991572323,
                    0.283211179501875,
                    0.302740867175333,
                    0.3209557823757364,
                    0.33886286730244053,
                    0.35179464800077265,
                    0.3652844576436708,
                    0.3814506703186203,
                    0.39592791714493236,
                    0.4124366907683704,
                    0.43095432429031033,
                    0.4503970659683264,
                    0.4686993604003641,
                    0.4861825477990387,
                    0.5022685674270657,
                    0.5206441984184746,
                    0.5383690687433187,
                    0.5568536034499505,
                    0.574984793871664,
                    0.5883616426555629,
                    0.6052380170620024,
                    0.6220546317070526,
                    0.634888937688088,
                    0.6471178569856946,
                    0.6601008237119883,
                    0.6731052450408817,
                    0.6894838481163705,
                    0.7090178277703769,
                    0.7265521630506524,
                    0.7451093057975553,
                    0.7639038822321109,
                    0.7824625313280893,
                    0.7993326507959029,
                    0.8172797818521038,
                    0.8313378703502476,
                    0.8427801560041814,
                    0.8594423272128067,
                    0.8761013329949783,
                    0.8930090701987192,
                    0.9096682688150002,
                    0.9235929522913269,
                    0.9407770710752383,
                    0.961441412734897,
                    0.9781031851611782,
                    1.0,
                    1.0,
                    1.0
                ],
                "control_points": {
                    "points": [
                        [
                            -0.001866620000000041,
                            8.186240999999999,
                            -2.05053615
                        ],
                        [
                            -0.01388394046300026,
                            7.918534709516809,
                            -1.9752865756442277
                        ],
                        [
                            0.006379492509148744,
                            7.582060015561898,
                            -1.787894146710845
                        ],
                        [
                            -0.0010957528587531987,
                            7.389240561474397,
                            -1.6870098775158207
                        ],
                        [
                            -0.00391837300292813,
                            7.19680752001893,
                            -1.5737135655939787
                        ],
                        [
                            0.0012017300802943714,
                            6.999752045114298,
                            -1.4579878652595437
                        ],
                        [
                            -0.010246564117814966,
                            6.762172415245013,
                            -1.2859021601783713
                        ],
                        [
                            0.0020634538049813522,
                            6.464055185788149,
                            -1.0914168618472817
                        ],
                        [
                            0.019677574649235585,
                            6.161301289589495,
                            -0.9256736601183965
                        ],
                        [
                            1.1293123297814136e-05,
                            5.866433101187664,
                            -0.7724361645854579
                        ],
                        [
                            0.007596708784155981,
                            5.568526605758677,
                            -0.618139407774645
                        ],
                        [
                            0.002175941860929921,
                            5.295833409399849,
                            -0.5026235935795611
                        ],
                        [
                            0.004835584445136873,
                            5.077900623332938,
                            -0.40957017290951886
                        ],
                        [
                            -0.0197363056307397,
                            4.808606395013144,
                            -0.3391610868026788
                        ],
                        [
                            -0.0005493622232384813,
                            4.5384997830418365,
                            -0.338465627230524
                        ],
                        [
                            -0.05227586028109353,
                            4.32516297249466,
                            -0.3028124352626738
                        ],
                        [
                            -0.006199814199357179,
                            4.027808296669663,
                            -0.3639489975326072
                        ],
                        [
                            -0.06791154766969261,
                            3.680220423075911,
                            -0.30286979655192936
                        ],
                        [
                            0.028950997251054985,
                            3.338160035969205,
                            -0.3240198668284323
                        ],
                        [
                            -0.041159941856422425,
                            2.997508728260097,
                            -0.3233937683885977
                        ],
                        [
                            -0.017388910445735876,
                            2.6817707517369374,
                            -0.23615411459771626
                        ],
                        [
                            -0.043522115238271646,
                            2.4036543687595167,
                            -0.2182004578707513
                        ],
                        [
                            -0.07303608791354076,
                            2.1671876477520597,
                            -0.22713291849196263
                        ],
                        [
                            -0.12202082010061525,
                            1.9061957987239522,
                            -0.17149987528394556
                        ],
                        [
                            -0.13054547609269196,
                            1.6292323686939372,
                            -0.2067858900744231
                        ],
                        [
                            -0.2147809653349598,
                            1.362951750268595,
                            -0.16458334981629544
